Segment,Mutlak_Hata,Yuzde_Hata,Adet
0-20,0.38195616404215493,2.9940861660392435,15
20-40,0.3014638355800084,0.9136666135566894,140
40-60,0.332935149263339,0.6810952481109576,311
60-80,0.3519725208134614,0.5164658450782722,258
80-100,0.5415115356445312,0.6251174466080361,82
