Segment,Mutlak_Hata,Yuzde_Hata,Adet
0-20,0.25093991939838184,2.256416932267971,13
20-40,0.2852480961726267,0.8986459563324336,91
40-60,0.3335191117956275,0.6757871602601878,235
60-80,0.3197519569199276,0.46644768599957825,193
80-100,0.3649639660799029,0.42181711734486615,79
