Segment,Mutlak_Hata,Yuzde_Hata,Adet
0-10K,304.03344017269666,3.8865355358086267,95
100K+,3498.9423863636184,2.7479347849278604,11
10K-25K,952.7710167814575,5.487166439263994,152
25K-50K,1569.1628602851906,4.375408197246878,103
50K-100K,4838.44511425781,6.877442315204559,80
