Segment,Mutlak_Hata,Yuzde_Hata,Adet
0-10K,245.96563959703838,3.183994374110248,95
100K+,3179.38911931818,2.560278596029944,11
10K-25K,739.3977420847068,4.266763690712345,152
25K-50K,1628.5366641383453,4.543963245996525,103
50K-100K,3889.9017001953116,5.517746725282125,80
