Segment,Mutlak_Hata,Yuzde_Hata,Adet
0-10K,530.2977024683458,7.660008537553896,232
100K+,5049.9929595588565,4.320072825666572,17
10K-25K,1031.7504355244268,6.586347406402828,261
25K-50K,2120.8842121516013,6.079986009891012,148
50K-100K,4092.145908532313,5.560935799124251,89
